concept:name,time:timestamp,case:concept:name
A,2023-03-12T23:47:54.934+01:00,1
C,2023-03-12T23:47:55.948+01:00,1
B,2023-03-12T23:47:55.955+01:00,1
X,2023-03-12T23:48:00.962+01:00,1
Y,2023-03-12T23:48:05.967+01:00,1
A,2023-03-12T23:48:13.341+01:00,2
B,2023-03-12T23:48:14.361+01:00,2
C,2023-03-12T23:48:14.353+01:00,2
X,2023-03-12T23:48:19.367+01:00,2
Y,2023-03-12T23:48:24.377+01:00,2
A,2023-03-12T23:48:27.605+01:00,3
D,2023-03-12T23:48:28.615+01:00,3
E,2023-03-12T23:48:31.621+01:00,3
A,2023-03-12T23:50:09.740+01:00,4
D,2023-03-12T23:50:13.768+01:00,4
E,2023-03-12T23:50:16.792+01:00,4
A,2023-03-12T23:50:09.962+01:00,5
D,2023-03-12T23:50:11.977+01:00,5
E,2023-03-12T23:50:12.984+01:00,5
A,2023-03-12T23:50:10.665+01:00,6
D,2023-03-12T23:50:12.696+01:00,6
E,2023-03-12T23:50:16.720+01:00,6
A,2023-03-12T23:50:11.199+01:00,7
C,2023-03-12T23:50:12.226+01:00,7
B,2023-03-12T23:50:12.290+01:00,7
X,2023-03-12T23:50:17.300+01:00,7
Y,2023-03-12T23:50:20.345+01:00,7
A,2023-03-12T23:50:11.432+01:00,8
B,2023-03-12T23:50:12.469+01:00,8
C,2023-03-12T23:50:12.517+01:00,8
X,2023-03-12T23:50:17.523+01:00,8
Y,2023-03-12T23:50:20.540+01:00,8
A,2023-03-12T23:50:12.327+01:00,9
D,2023-03-12T23:50:13.338+01:00,9
E,2023-03-12T23:50:18.343+01:00,9
A,2023-03-12T23:50:12.729+01:00,10
D,2023-03-12T23:50:17.748+01:00,10
E,2023-03-12T23:50:22.768+01:00,10
A,2023-03-12T23:50:13.247+01:00,11
C,2023-03-12T23:50:14.306+01:00,11
B,2023-03-12T23:50:14.342+01:00,11
X,2023-03-12T23:50:19.362+01:00,11
Y,2023-03-12T23:50:20.373+01:00,11
A,2023-03-12T23:50:13.865+01:00,12
B,2023-03-12T23:50:14.898+01:00,12
C,2023-03-12T23:50:14.980+01:00,12
X,2023-03-12T23:50:19.992+01:00,12
Y,2023-03-12T23:50:21.998+01:00,12
A,2023-03-12T23:50:14.262+01:00,13
C,2023-03-12T23:50:15.299+01:00,13
B,2023-03-12T23:50:15.316+01:00,13
X,2023-03-12T23:50:20.328+01:00,13
Y,2023-03-12T23:50:21.344+01:00,13
A,2023-03-12T23:50:14.940+01:00,14
B,2023-03-12T23:50:15.977+01:00,14
C,2023-03-12T23:50:16.002+01:00,14
X,2023-03-12T23:50:21.011+01:00,14
Y,2023-03-12T23:50:22.039+01:00,14
A,2023-03-12T23:50:15.423+01:00,15
D,2023-03-12T23:50:16.463+01:00,15
E,2023-03-12T23:50:20.502+01:00,15
A,2023-03-12T23:50:16.192+01:00,16
D,2023-03-12T23:50:19.234+01:00,16
E,2023-03-12T23:50:24.255+01:00,16
A,2023-03-12T23:50:16.488+01:00,17
D,2023-03-12T23:50:20.501+01:00,17
E,2023-03-12T23:50:24.514+01:00,17
A,2023-03-12T23:50:16.745+01:00,18
C,2023-03-12T23:50:17.784+01:00,18
B,2023-03-12T23:50:17.806+01:00,18
X,2023-03-12T23:50:22.820+01:00,18
Y,2023-03-12T23:50:23.833+01:00,18
A,2023-03-12T23:50:17.494+01:00,19
D,2023-03-12T23:50:18.507+01:00,19
E,2023-03-12T23:50:21.514+01:00,19
A,2023-03-12T23:50:18.278+01:00,20
B,2023-03-12T23:50:19.319+01:00,20
C,2023-03-12T23:50:19.369+01:00,20
X,2023-03-12T23:50:24.386+01:00,20
Y,2023-03-12T23:50:26.410+01:00,20
A,2023-03-12T23:50:18.779+01:00,21
D,2023-03-12T23:50:23.787+01:00,21
E,2023-03-12T23:50:24.796+01:00,21
A,2023-03-12T23:50:18.921+01:00,22
C,2023-03-12T23:50:19.993+01:00,22
B,2023-03-12T23:50:20.016+01:00,22
X,2023-03-12T23:50:25.020+01:00,22
Y,2023-03-12T23:50:28.030+01:00,22
A,2023-03-12T23:50:19.784+01:00,23
D,2023-03-12T23:50:22.801+01:00,23
E,2023-03-12T23:50:25.814+01:00,23
A,2023-03-12T23:50:20.383+01:00,24
B,2023-03-12T23:50:21.431+01:00,24
C,2023-03-12T23:50:21.518+01:00,24
X,2023-03-12T23:50:26.539+01:00,24
Y,2023-03-12T23:50:28.544+01:00,24
A,2023-03-12T23:50:20.680+01:00,25
D,2023-03-12T23:50:25.699+01:00,25
E,2023-03-12T23:50:30.718+01:00,25
A,2023-03-12T23:50:21.345+01:00,26
C,2023-03-12T23:50:22.398+01:00,26
B,2023-03-12T23:50:22.438+01:00,26
X,2023-03-12T23:50:27.470+01:00,26
Y,2023-03-12T23:50:31.487+01:00,26
A,2023-03-12T23:50:22.056+01:00,27
D,2023-03-12T23:50:23.081+01:00,27
E,2023-03-12T23:50:27.091+01:00,27
A,2023-03-12T23:50:22.211+01:00,28
B,2023-03-12T23:50:23.245+01:00,28
C,2023-03-12T23:50:23.278+01:00,28
X,2023-03-12T23:50:28.287+01:00,28
Y,2023-03-12T23:50:29.309+01:00,28
A,2023-03-12T23:50:23.231+01:00,29
D,2023-03-12T23:50:27.238+01:00,29
E,2023-03-12T23:50:32.258+01:00,29
A,2023-03-12T23:50:24.252+01:00,30
C,2023-03-12T23:50:25.283+01:00,30
B,2023-03-12T23:50:25.328+01:00,30
X,2023-03-12T23:50:30.344+01:00,30
Y,2023-03-12T23:50:34.361+01:00,30
A,2023-03-12T23:50:24.671+01:00,31
D,2023-03-12T23:50:28.684+01:00,31
E,2023-03-12T23:50:32.696+01:00,31
A,2023-03-12T23:50:25.484+01:00,32
D,2023-03-12T23:50:30.502+01:00,32
E,2023-03-12T23:50:33.516+01:00,32
A,2023-03-12T23:50:26.224+01:00,33
D,2023-03-12T23:50:30.243+01:00,33
E,2023-03-12T23:50:33.254+01:00,33
A,2023-03-12T23:50:26.483+01:00,34
D,2023-03-12T23:50:29.520+01:00,34
E,2023-03-12T23:50:32.528+01:00,34
A,2023-03-12T23:50:27.554+01:00,35
B,2023-03-12T23:50:28.589+01:00,35
C,2023-03-12T23:50:28.639+01:00,35
X,2023-03-12T23:50:33.659+01:00,35
Y,2023-03-12T23:50:34.688+01:00,35
A,2023-03-12T23:50:27.805+01:00,36
C,2023-03-12T23:50:28.853+01:00,36
B,2023-03-12T23:50:28.906+01:00,36
X,2023-03-12T23:50:33.922+01:00,36
Y,2023-03-12T23:50:36.938+01:00,36
A,2023-03-12T23:50:28.022+01:00,37
B,2023-03-12T23:50:29.086+01:00,37
C,2023-03-12T23:50:29.160+01:00,37
X,2023-03-12T23:50:34.173+01:00,37
Y,2023-03-12T23:50:37.185+01:00,37
A,2023-03-12T23:50:28.732+01:00,38
D,2023-03-12T23:50:33.738+01:00,38
E,2023-03-12T23:50:38.758+01:00,38
A,2023-03-12T23:50:28.887+01:00,39
C,2023-03-12T23:50:29.909+01:00,39
B,2023-03-12T23:50:29.945+01:00,39
X,2023-03-12T23:50:34.959+01:00,39
Y,2023-03-12T23:50:38.983+01:00,39
A,2023-03-12T23:50:29.393+01:00,40
C,2023-03-12T23:50:30.452+01:00,40
B,2023-03-12T23:50:30.505+01:00,40
X,2023-03-12T23:50:35.520+01:00,40
Y,2023-03-12T23:50:39.527+01:00,40
A,2023-03-12T23:50:31.038+01:00,41
D,2023-03-12T23:50:36.052+01:00,41
E,2023-03-12T23:50:38.061+01:00,41
A,2023-03-12T23:50:31.171+01:00,42
D,2023-03-12T23:50:34.187+01:00,42
E,2023-03-12T23:50:39.199+01:00,42
A,2023-03-12T23:50:31.279+01:00,43
B,2023-03-12T23:50:32.373+01:00,43
C,2023-03-12T23:50:32.407+01:00,43
X,2023-03-12T23:50:37.417+01:00,43
Y,2023-03-12T23:50:38.430+01:00,43
A,2023-03-12T23:50:31.472+01:00,44
D,2023-03-12T23:50:35.507+01:00,44
E,2023-03-12T23:50:36.519+01:00,44
A,2023-03-12T23:50:32.161+01:00,45
D,2023-03-12T23:50:35.182+01:00,45
E,2023-03-12T23:50:40.188+01:00,45
A,2023-03-12T23:50:32.338+01:00,46
C,2023-03-12T23:50:33.372+01:00,46
B,2023-03-12T23:50:33.442+01:00,46
X,2023-03-12T23:50:38.456+01:00,46
Y,2023-03-12T23:50:39.466+01:00,46
A,2023-03-12T23:50:32.878+01:00,47
D,2023-03-12T23:50:34.897+01:00,47
E,2023-03-12T23:50:36.938+01:00,47
A,2023-03-12T23:50:34.005+01:00,48
B,2023-03-12T23:50:35.052+01:00,48
C,2023-03-12T23:50:35.122+01:00,48
X,2023-03-12T23:50:40.144+01:00,48
Y,2023-03-12T23:50:42.149+01:00,48
A,2023-03-12T23:50:34.404+01:00,49
D,2023-03-12T23:50:35.411+01:00,49
E,2023-03-12T23:50:40.453+01:00,49
A,2023-03-12T23:50:35.818+01:00,50
B,2023-03-12T23:50:36.897+01:00,50
C,2023-03-12T23:50:36.920+01:00,50
X,2023-03-12T23:50:41.932+01:00,50
Y,2023-03-12T23:50:46.947+01:00,50
A,2023-03-12T23:50:36.034+01:00,51
C,2023-03-12T23:50:37.101+01:00,51
B,2023-03-12T23:50:37.156+01:00,51
X,2023-03-12T23:50:42.184+01:00,51
Y,2023-03-12T23:50:43.200+01:00,51
A,2023-03-12T23:50:36.105+01:00,52
B,2023-03-12T23:50:37.156+01:00,52
C,2023-03-12T23:50:37.175+01:00,52
X,2023-03-12T23:50:42.196+01:00,52
Y,2023-03-12T23:50:43.213+01:00,52
A,2023-03-12T23:50:36.130+01:00,53
B,2023-03-12T23:50:37.221+01:00,53
C,2023-03-12T23:50:37.256+01:00,53
X,2023-03-12T23:50:42.266+01:00,53
Y,2023-03-12T23:50:46.286+01:00,53
A,2023-03-12T23:50:37.486+01:00,54
B,2023-03-12T23:50:38.562+01:00,54
C,2023-03-12T23:50:38.631+01:00,54
X,2023-03-12T23:50:43.636+01:00,54
Y,2023-03-12T23:50:48.654+01:00,54
A,2023-03-12T23:50:37.762+01:00,55
D,2023-03-12T23:50:40.793+01:00,55
E,2023-03-12T23:50:44.803+01:00,55
A,2023-03-12T23:50:37.893+01:00,56
C,2023-03-12T23:50:38.946+01:00,56
B,2023-03-12T23:50:38.961+01:00,56
X,2023-03-12T23:50:43.971+01:00,56
Y,2023-03-12T23:50:45.998+01:00,56
A,2023-03-12T23:50:40.334+01:00,57
B,2023-03-12T23:50:41.438+01:00,57
C,2023-03-12T23:50:41.459+01:00,57
X,2023-03-12T23:50:46.470+01:00,57
Y,2023-03-12T23:50:48.481+01:00,57
A,2023-03-12T23:50:40.655+01:00,58
B,2023-03-12T23:50:41.770+01:00,58
C,2023-03-12T23:50:41.747+01:00,58
X,2023-03-12T23:50:46.778+01:00,58
Y,2023-03-12T23:50:49.784+01:00,58
A,2023-03-12T23:50:40.856+01:00,59
B,2023-03-12T23:50:41.888+01:00,59
C,2023-03-12T23:50:41.918+01:00,59
X,2023-03-12T23:50:46.948+01:00,59
Y,2023-03-12T23:50:48.968+01:00,59
A,2023-03-12T23:50:40.954+01:00,60
D,2023-03-12T23:50:45.009+01:00,60
E,2023-03-12T23:50:47.028+01:00,60
A,2023-03-12T23:50:41.490+01:00,61
C,2023-03-12T23:50:42.534+01:00,61
B,2023-03-12T23:50:42.630+01:00,61
X,2023-03-12T23:50:47.644+01:00,61
Y,2023-03-12T23:50:49.655+01:00,61
A,2023-03-12T23:50:41.785+01:00,62
C,2023-03-12T23:50:42.854+01:00,62
B,2023-03-12T23:50:42.955+01:00,62
X,2023-03-12T23:50:47.970+01:00,62
Y,2023-03-12T23:50:49.979+01:00,62
A,2023-03-12T23:50:42.790+01:00,63
D,2023-03-12T23:50:44.810+01:00,63
E,2023-03-12T23:50:48.831+01:00,63
A,2023-03-12T23:50:43.687+01:00,64
C,2023-03-12T23:50:44.749+01:00,64
B,2023-03-12T23:50:44.798+01:00,64
X,2023-03-12T23:50:49.828+01:00,64
Y,2023-03-12T23:50:50.884+01:00,64
A,2023-03-12T23:50:44.065+01:00,65
B,2023-03-12T23:50:45.099+01:00,65
C,2023-03-12T23:50:45.127+01:00,65
X,2023-03-12T23:50:50.145+01:00,65
Y,2023-03-12T23:50:54.169+01:00,65
A,2023-03-12T23:50:45.306+01:00,66
B,2023-03-12T23:50:46.349+01:00,66
C,2023-03-12T23:50:46.423+01:00,66
X,2023-03-12T23:50:51.449+01:00,66
Y,2023-03-12T23:50:55.454+01:00,66
A,2023-03-12T23:50:45.633+01:00,67
D,2023-03-12T23:50:47.644+01:00,67
E,2023-03-12T23:50:48.658+01:00,67
A,2023-03-12T23:50:45.829+01:00,68
D,2023-03-12T23:50:50.848+01:00,68
E,2023-03-12T23:50:55.887+01:00,68
A,2023-03-12T23:50:46.205+01:00,69
D,2023-03-12T23:50:49.242+01:00,69
E,2023-03-12T23:50:51.291+01:00,69
A,2023-03-12T23:50:46.964+01:00,70
B,2023-03-12T23:50:48.019+01:00,70
C,2023-03-12T23:50:48.058+01:00,70
X,2023-03-12T23:50:53.090+01:00,70
Y,2023-03-12T23:50:54.107+01:00,70
A,2023-03-12T23:50:47.181+01:00,71
D,2023-03-12T23:50:49.189+01:00,71
E,2023-03-12T23:50:54.237+01:00,71
A,2023-03-12T23:50:47.444+01:00,72
D,2023-03-12T23:50:49.454+01:00,72
E,2023-03-12T23:50:52.461+01:00,72
A,2023-03-12T23:50:47.478+01:00,73
D,2023-03-12T23:50:49.483+01:00,73
E,2023-03-12T23:50:54.493+01:00,73
A,2023-03-12T23:50:48.270+01:00,74
B,2023-03-12T23:50:49.309+01:00,74
C,2023-03-12T23:50:49.326+01:00,74
X,2023-03-12T23:50:54.360+01:00,74
Y,2023-03-12T23:50:57.368+01:00,74
A,2023-03-12T23:50:48.703+01:00,75
D,2023-03-12T23:50:50.708+01:00,75
E,2023-03-12T23:50:53.715+01:00,75
A,2023-03-12T23:50:49.224+01:00,76
B,2023-03-12T23:50:50.275+01:00,76
C,2023-03-12T23:50:50.326+01:00,76
X,2023-03-12T23:50:55.338+01:00,76
Y,2023-03-12T23:50:59.353+01:00,76
A,2023-03-12T23:50:50.661+01:00,77
D,2023-03-12T23:50:55.676+01:00,77
E,2023-03-12T23:50:56.682+01:00,77
A,2023-03-12T23:50:51.125+01:00,78
B,2023-03-12T23:50:52.196+01:00,78
C,2023-03-12T23:50:52.240+01:00,78
X,2023-03-12T23:50:57.246+01:00,78
Y,2023-03-12T23:51:00.251+01:00,78
A,2023-03-12T23:50:51.657+01:00,79
B,2023-03-12T23:50:52.710+01:00,79
C,2023-03-12T23:50:52.756+01:00,79
X,2023-03-12T23:50:57.810+01:00,79
Y,2023-03-12T23:51:02.815+01:00,79
A,2023-03-12T23:50:51.858+01:00,80
D,2023-03-12T23:50:53.894+01:00,80
E,2023-03-12T23:50:54.909+01:00,80
A,2023-03-12T23:50:52.046+01:00,81
D,2023-03-12T23:50:56.051+01:00,81
E,2023-03-12T23:50:59.077+01:00,81
A,2023-03-12T23:50:52.382+01:00,82
B,2023-03-12T23:50:53.430+01:00,82
C,2023-03-12T23:50:53.446+01:00,82
X,2023-03-12T23:50:58.468+01:00,82
Y,2023-03-12T23:50:59.477+01:00,82
A,2023-03-12T23:50:53.254+01:00,83
B,2023-03-12T23:50:54.321+01:00,83
C,2023-03-12T23:50:54.352+01:00,83
X,2023-03-12T23:50:59.361+01:00,83
Y,2023-03-12T23:51:00.373+01:00,83
A,2023-03-12T23:50:54.426+01:00,84
D,2023-03-12T23:50:55.435+01:00,84
E,2023-03-12T23:50:56.456+01:00,84
A,2023-03-12T23:50:54.726+01:00,85
D,2023-03-12T23:50:56.732+01:00,85
E,2023-03-12T23:50:58.738+01:00,85
A,2023-03-12T23:50:54.751+01:00,86
D,2023-03-12T23:50:57.766+01:00,86
E,2023-03-12T23:50:58.791+01:00,86
A,2023-03-12T23:50:56.458+01:00,87
B,2023-03-12T23:50:57.509+01:00,87
C,2023-03-12T23:50:57.535+01:00,87
X,2023-03-12T23:51:02.550+01:00,87
Y,2023-03-12T23:51:05.587+01:00,87
A,2023-03-12T23:50:56.645+01:00,88
B,2023-03-12T23:50:57.728+01:00,88
C,2023-03-12T23:50:57.800+01:00,88
X,2023-03-12T23:51:02.808+01:00,88
Y,2023-03-12T23:51:03.818+01:00,88
A,2023-03-12T23:50:56.993+01:00,89
B,2023-03-12T23:50:58.071+01:00,89
C,2023-03-12T23:50:58.115+01:00,89
X,2023-03-12T23:51:03.147+01:00,89
Y,2023-03-12T23:51:04.170+01:00,89
A,2023-03-12T23:50:57.213+01:00,90
B,2023-03-12T23:50:58.240+01:00,90
C,2023-03-12T23:50:58.278+01:00,90
X,2023-03-12T23:51:03.284+01:00,90
Y,2023-03-12T23:51:05.293+01:00,90
A,2023-03-12T23:50:57.774+01:00,91
C,2023-03-12T23:50:58.820+01:00,91
B,2023-03-12T23:50:58.843+01:00,91
X,2023-03-12T23:51:03.856+01:00,91
Y,2023-03-12T23:51:05.861+01:00,91
A,2023-03-12T23:51:00.098+01:00,92
C,2023-03-12T23:51:01.157+01:00,92
B,2023-03-12T23:51:01.182+01:00,92
X,2023-03-12T23:51:06.195+01:00,92
Y,2023-03-12T23:51:09.208+01:00,92
A,2023-03-12T23:51:00.756+01:00,93
C,2023-03-12T23:51:01.835+01:00,93
B,2023-03-12T23:51:01.875+01:00,93
X,2023-03-12T23:51:06.881+01:00,93
Y,2023-03-12T23:51:07.887+01:00,93
A,2023-03-12T23:51:00.775+01:00,94
D,2023-03-12T23:51:01.798+01:00,94
E,2023-03-12T23:51:02.813+01:00,94
A,2023-03-12T23:51:00.956+01:00,95
D,2023-03-12T23:51:04.961+01:00,95
E,2023-03-12T23:51:09.972+01:00,95
A,2023-03-12T23:51:00.971+01:00,96
B,2023-03-12T23:51:02.014+01:00,96
C,2023-03-12T23:51:02.061+01:00,96
X,2023-03-12T23:51:07.081+01:00,96
Y,2023-03-12T23:51:08.086+01:00,96
A,2023-03-12T23:51:01.049+01:00,97
D,2023-03-12T23:51:04.071+01:00,97
E,2023-03-12T23:51:05.114+01:00,97
A,2023-03-12T23:51:01.756+01:00,98
C,2023-03-12T23:51:02.837+01:00,98
B,2023-03-12T23:51:02.881+01:00,98
X,2023-03-12T23:51:07.889+01:00,98
Y,2023-03-12T23:51:09.905+01:00,98
A,2023-03-12T23:51:02.590+01:00,99
C,2023-03-12T23:51:03.660+01:00,99
B,2023-03-12T23:51:03.707+01:00,99
X,2023-03-12T23:51:08.726+01:00,99
Y,2023-03-12T23:51:10.752+01:00,99
A,2023-03-12T23:51:03.051+01:00,100
D,2023-03-12T23:51:08.064+01:00,100
E,2023-03-12T23:51:10.072+01:00,100
A,2023-03-12T23:51:03.520+01:00,101
C,2023-03-12T23:51:04.575+01:00,101
B,2023-03-12T23:51:04.617+01:00,101
X,2023-03-12T23:51:09.636+01:00,101
Y,2023-03-12T23:51:13.645+01:00,101
A,2023-03-12T23:51:03.984+01:00,102
B,2023-03-12T23:51:05.026+01:00,102
C,2023-03-12T23:51:05.065+01:00,102
X,2023-03-12T23:51:10.079+01:00,102
Y,2023-03-12T23:51:15.091+01:00,102
A,2023-03-12T23:51:05.091+01:00,103
D,2023-03-12T23:51:06.096+01:00,103
E,2023-03-12T23:51:11.102+01:00,103
A,2023-03-12T23:51:05.558+01:00,104
B,2023-03-12T23:51:06.639+01:00,104
C,2023-03-12T23:51:06.693+01:00,104
X,2023-03-12T23:51:11.713+01:00,104
Y,2023-03-12T23:51:12.724+01:00,104
A,2023-03-12T23:51:05.572+01:00,105
D,2023-03-12T23:51:08.582+01:00,105
E,2023-03-12T23:51:09.608+01:00,105
A,2023-03-12T23:51:06.426+01:00,106
D,2023-03-12T23:51:09.431+01:00,106
E,2023-03-12T23:51:12.443+01:00,106
A,2023-03-12T23:51:06.526+01:00,107
B,2023-03-12T23:51:07.605+01:00,107
C,2023-03-12T23:51:07.680+01:00,107
X,2023-03-12T23:51:12.715+01:00,107
Y,2023-03-12T23:51:16.722+01:00,107
A,2023-03-12T23:51:07.620+01:00,108
D,2023-03-12T23:51:09.632+01:00,108
E,2023-03-12T23:51:10.644+01:00,108
A,2023-03-12T23:51:08.406+01:00,109
D,2023-03-12T23:51:10.422+01:00,109
E,2023-03-12T23:51:13.432+01:00,109
A,2023-03-12T23:51:08.770+01:00,110
B,2023-03-12T23:51:09.815+01:00,110
C,2023-03-12T23:51:09.860+01:00,110
X,2023-03-12T23:51:14.889+01:00,110
Y,2023-03-12T23:51:18.913+01:00,110
A,2023-03-12T23:51:09.379+01:00,111
B,2023-03-12T23:51:10.419+01:00,111
C,2023-03-12T23:51:10.477+01:00,111
X,2023-03-12T23:51:15.486+01:00,111
Y,2023-03-12T23:51:17.507+01:00,111
A,2023-03-12T23:51:09.646+01:00,112
D,2023-03-12T23:51:14.660+01:00,112
E,2023-03-12T23:51:15.679+01:00,112
A,2023-03-12T23:51:09.979+01:00,113
D,2023-03-12T23:51:14.002+01:00,113
E,2023-03-12T23:51:15.016+01:00,113
A,2023-03-12T23:51:10.891+01:00,114
C,2023-03-12T23:51:11.921+01:00,114
B,2023-03-12T23:51:11.959+01:00,114
X,2023-03-12T23:51:16.976+01:00,114
Y,2023-03-12T23:51:17.990+01:00,114
A,2023-03-12T23:51:11.620+01:00,115
D,2023-03-12T23:51:14.635+01:00,115
E,2023-03-12T23:51:18.659+01:00,115
A,2023-03-12T23:51:11.628+01:00,116
C,2023-03-12T23:51:12.691+01:00,116
B,2023-03-12T23:51:12.835+01:00,116
X,2023-03-12T23:51:17.864+01:00,116
Y,2023-03-12T23:51:20.888+01:00,116
A,2023-03-12T23:51:11.963+01:00,117
B,2023-03-12T23:51:13.031+01:00,117
C,2023-03-12T23:51:13.058+01:00,117
X,2023-03-12T23:51:18.072+01:00,117
Y,2023-03-12T23:51:23.081+01:00,117
A,2023-03-12T23:51:12.973+01:00,118
D,2023-03-12T23:51:14.987+01:00,118
E,2023-03-12T23:51:17.999+01:00,118
A,2023-03-12T23:51:13.406+01:00,119
B,2023-03-12T23:51:14.464+01:00,119
C,2023-03-12T23:51:14.501+01:00,119
X,2023-03-12T23:51:19.515+01:00,119
Y,2023-03-12T23:51:22.529+01:00,119
A,2023-03-12T23:51:14.187+01:00,120
D,2023-03-12T23:51:17.203+01:00,120
E,2023-03-12T23:51:18.212+01:00,120
A,2023-03-12T23:51:14.317+01:00,121
D,2023-03-12T23:51:17.344+01:00,121
E,2023-03-12T23:51:18.354+01:00,121
A,2023-03-12T23:51:14.738+01:00,122
D,2023-03-12T23:51:18.756+01:00,122
E,2023-03-12T23:51:23.770+01:00,122
A,2023-03-12T23:51:15.334+01:00,123
C,2023-03-12T23:51:16.405+01:00,123
B,2023-03-12T23:51:16.437+01:00,123
X,2023-03-12T23:51:21.469+01:00,123
Y,2023-03-12T23:51:22.484+01:00,123
A,2023-03-12T23:51:16.112+01:00,124
B,2023-03-12T23:51:17.169+01:00,124
C,2023-03-12T23:51:17.215+01:00,124
X,2023-03-12T23:51:22.252+01:00,124
Y,2023-03-12T23:51:27.302+01:00,124
A,2023-03-12T23:51:16.284+01:00,125
D,2023-03-12T23:51:20.296+01:00,125
E,2023-03-12T23:51:25.309+01:00,125
A,2023-03-12T23:51:17.230+01:00,126
C,2023-03-12T23:51:18.287+01:00,126
B,2023-03-12T23:51:18.317+01:00,126
X,2023-03-12T23:51:23.367+01:00,126
Y,2023-03-12T23:51:27.385+01:00,126
A,2023-03-12T23:51:17.303+01:00,127
B,2023-03-12T23:51:18.345+01:00,127
C,2023-03-12T23:51:18.386+01:00,127
X,2023-03-12T23:51:23.409+01:00,127
Y,2023-03-12T23:51:28.422+01:00,127
A,2023-03-12T23:51:18.314+01:00,128
C,2023-03-12T23:51:19.343+01:00,128
B,2023-03-12T23:51:19.432+01:00,128
X,2023-03-12T23:51:24.448+01:00,128
Y,2023-03-12T23:51:25.470+01:00,128
A,2023-03-12T23:51:18.353+01:00,129
D,2023-03-12T23:51:23.366+01:00,129
E,2023-03-12T23:51:24.380+01:00,129
A,2023-03-12T23:51:19.042+01:00,130
B,2023-03-12T23:51:20.102+01:00,130
C,2023-03-12T23:51:20.162+01:00,130
X,2023-03-12T23:51:25.174+01:00,130
Y,2023-03-12T23:51:27.192+01:00,130
A,2023-03-12T23:51:20.355+01:00,131
C,2023-03-12T23:51:21.428+01:00,131
B,2023-03-12T23:51:21.464+01:00,131
X,2023-03-12T23:51:26.476+01:00,131
Y,2023-03-12T23:51:27.500+01:00,131
A,2023-03-12T23:51:20.583+01:00,132
D,2023-03-12T23:51:24.614+01:00,132
E,2023-03-12T23:51:25.625+01:00,132
A,2023-03-12T23:51:20.611+01:00,133
C,2023-03-12T23:51:21.698+01:00,133
B,2023-03-12T23:51:21.667+01:00,133
X,2023-03-12T23:51:26.712+01:00,133
Y,2023-03-12T23:51:31.720+01:00,133
A,2023-03-12T23:51:21.322+01:00,134
B,2023-03-12T23:51:22.361+01:00,134
C,2023-03-12T23:51:22.418+01:00,134
X,2023-03-12T23:51:27.429+01:00,134
Y,2023-03-12T23:51:30.435+01:00,134
A,2023-03-12T23:51:21.492+01:00,135
D,2023-03-12T23:51:25.500+01:00,135
E,2023-03-12T23:51:26.512+01:00,135
A,2023-03-12T23:51:21.891+01:00,136
B,2023-03-12T23:51:22.945+01:00,136
C,2023-03-12T23:51:22.995+01:00,136
X,2023-03-12T23:51:28.004+01:00,136
Y,2023-03-12T23:51:32.010+01:00,136
A,2023-03-12T23:51:22.853+01:00,137
B,2023-03-12T23:51:23.909+01:00,137
C,2023-03-12T23:51:23.919+01:00,137
X,2023-03-12T23:51:28.927+01:00,137
Y,2023-03-12T23:51:32.938+01:00,137
A,2023-03-12T23:51:23.333+01:00,138
C,2023-03-12T23:51:24.392+01:00,138
B,2023-03-12T23:51:24.427+01:00,138
X,2023-03-12T23:51:29.439+01:00,138
Y,2023-03-12T23:51:32.455+01:00,138
A,2023-03-12T23:51:23.593+01:00,139
B,2023-03-12T23:51:24.649+01:00,139
C,2023-03-12T23:51:24.682+01:00,139
X,2023-03-12T23:51:29.697+01:00,139
Y,2023-03-12T23:51:34.709+01:00,139
A,2023-03-12T23:51:24.961+01:00,140
D,2023-03-12T23:51:28.972+01:00,140
E,2023-03-12T23:51:30.981+01:00,140
A,2023-03-12T23:51:25.281+01:00,141
C,2023-03-12T23:51:26.360+01:00,141
B,2023-03-12T23:51:26.414+01:00,141
X,2023-03-12T23:51:31.433+01:00,141
Y,2023-03-12T23:51:36.443+01:00,141
A,2023-03-12T23:51:25.338+01:00,142
D,2023-03-12T23:51:28.344+01:00,142
E,2023-03-12T23:51:29.351+01:00,142
A,2023-03-12T23:51:25.920+01:00,143
D,2023-03-12T23:51:27.934+01:00,143
E,2023-03-12T23:51:32.958+01:00,143
A,2023-03-12T23:51:26.496+01:00,144
D,2023-03-12T23:51:30.505+01:00,144
E,2023-03-12T23:51:35.511+01:00,144
A,2023-03-12T23:51:26.636+01:00,145
B,2023-03-12T23:51:27.698+01:00,145
C,2023-03-12T23:51:27.755+01:00,145
X,2023-03-12T23:51:32.805+01:00,145
Y,2023-03-12T23:51:37.823+01:00,145
A,2023-03-12T23:51:27.002+01:00,146
C,2023-03-12T23:51:28.045+01:00,146
B,2023-03-12T23:51:28.096+01:00,146
X,2023-03-12T23:51:33.103+01:00,146
Y,2023-03-12T23:51:35.111+01:00,146
A,2023-03-12T23:51:27.193+01:00,147
C,2023-03-12T23:51:28.265+01:00,147
B,2023-03-12T23:51:28.367+01:00,147
X,2023-03-12T23:51:33.386+01:00,147
Y,2023-03-12T23:51:36.399+01:00,147
A,2023-03-12T23:51:28.640+01:00,148
D,2023-03-12T23:51:33.660+01:00,148
E,2023-03-12T23:51:37.664+01:00,148
A,2023-03-12T23:51:29.386+01:00,149
D,2023-03-12T23:51:34.391+01:00,149
E,2023-03-12T23:51:35.432+01:00,149
A,2023-03-12T23:51:30.147+01:00,150
C,2023-03-12T23:51:31.238+01:00,150
B,2023-03-12T23:51:31.306+01:00,150
X,2023-03-12T23:51:36.315+01:00,150
Y,2023-03-12T23:51:39.340+01:00,150
A,2023-03-12T23:51:30.234+01:00,151
C,2023-03-12T23:51:31.300+01:00,151
B,2023-03-12T23:51:31.321+01:00,151
X,2023-03-12T23:51:36.343+01:00,151
Y,2023-03-12T23:51:40.349+01:00,151
A,2023-03-12T23:51:30.901+01:00,152
B,2023-03-12T23:51:31.954+01:00,152
C,2023-03-12T23:51:32.031+01:00,152
X,2023-03-12T23:51:37.042+01:00,152
Y,2023-03-12T23:51:41.055+01:00,152
A,2023-03-12T23:51:31.890+01:00,153
B,2023-03-12T23:51:32.966+01:00,153
C,2023-03-12T23:51:33.102+01:00,153
X,2023-03-12T23:51:38.109+01:00,153
Y,2023-03-12T23:51:42.117+01:00,153
A,2023-03-12T23:51:31.950+01:00,154
D,2023-03-12T23:51:32.967+01:00,154
E,2023-03-12T23:51:35.995+01:00,154
A,2023-03-12T23:51:32.415+01:00,155
D,2023-03-12T23:51:35.426+01:00,155
E,2023-03-12T23:51:36.435+01:00,155
A,2023-03-12T23:51:32.604+01:00,156
D,2023-03-12T23:51:34.629+01:00,156
E,2023-03-12T23:51:38.640+01:00,156
A,2023-03-12T23:51:34.679+01:00,157
D,2023-03-12T23:51:35.708+01:00,157
E,2023-03-12T23:51:39.720+01:00,157
A,2023-03-12T23:51:35.263+01:00,158
D,2023-03-12T23:51:38.276+01:00,158
E,2023-03-12T23:51:43.306+01:00,158
A,2023-03-12T23:51:35.575+01:00,159
D,2023-03-12T23:51:39.587+01:00,159
E,2023-03-12T23:51:40.600+01:00,159
A,2023-03-12T23:51:35.663+01:00,160
D,2023-03-12T23:51:38.679+01:00,160
E,2023-03-12T23:51:42.691+01:00,160
A,2023-03-12T23:51:36.218+01:00,161
D,2023-03-12T23:51:40.235+01:00,161
E,2023-03-12T23:51:43.275+01:00,161
A,2023-03-12T23:51:36.539+01:00,162
C,2023-03-12T23:51:37.617+01:00,162
B,2023-03-12T23:51:37.695+01:00,162
X,2023-03-12T23:51:42.714+01:00,162
Y,2023-03-12T23:51:47.753+01:00,162
A,2023-03-12T23:51:36.786+01:00,163
D,2023-03-12T23:51:40.803+01:00,163
E,2023-03-12T23:51:43.823+01:00,163
A,2023-03-12T23:51:37.752+01:00,164
B,2023-03-12T23:51:38.796+01:00,164
C,2023-03-12T23:51:38.849+01:00,164
X,2023-03-12T23:51:43.860+01:00,164
Y,2023-03-12T23:51:47.872+01:00,164
A,2023-03-12T23:51:38.596+01:00,165
D,2023-03-12T23:51:40.610+01:00,165
E,2023-03-12T23:51:41.623+01:00,165
A,2023-03-12T23:51:39.396+01:00,166
D,2023-03-12T23:51:40.406+01:00,166
E,2023-03-12T23:51:41.412+01:00,166
A,2023-03-12T23:51:40.101+01:00,167
D,2023-03-12T23:51:41.127+01:00,167
E,2023-03-12T23:51:45.134+01:00,167
A,2023-03-12T23:51:40.239+01:00,168
B,2023-03-12T23:51:41.292+01:00,168
C,2023-03-12T23:51:41.309+01:00,168
X,2023-03-12T23:51:46.338+01:00,168
Y,2023-03-12T23:51:50.347+01:00,168
A,2023-03-12T23:51:40.259+01:00,169
D,2023-03-12T23:51:41.265+01:00,169
E,2023-03-12T23:51:42.279+01:00,169
A,2023-03-12T23:51:40.668+01:00,170
D,2023-03-12T23:51:42.711+01:00,170
E,2023-03-12T23:51:47.723+01:00,170
A,2023-03-12T23:51:42.574+01:00,171
D,2023-03-12T23:51:45.579+01:00,171
E,2023-03-12T23:51:47.590+01:00,171
A,2023-03-12T23:51:42.657+01:00,172
C,2023-03-12T23:51:43.697+01:00,172
B,2023-03-12T23:51:43.788+01:00,172
X,2023-03-12T23:51:48.809+01:00,172
Y,2023-03-12T23:51:49.845+01:00,172
A,2023-03-12T23:51:42.806+01:00,173
B,2023-03-12T23:51:43.879+01:00,173
C,2023-03-12T23:51:43.926+01:00,173
X,2023-03-12T23:51:48.954+01:00,173
Y,2023-03-12T23:51:51.964+01:00,173
A,2023-03-12T23:51:44.027+01:00,174
B,2023-03-12T23:51:45.101+01:00,174
C,2023-03-12T23:51:45.120+01:00,174
X,2023-03-12T23:51:50.131+01:00,174
Y,2023-03-12T23:51:51.140+01:00,174
A,2023-03-12T23:51:44.025+01:00,175
D,2023-03-12T23:51:45.052+01:00,175
E,2023-03-12T23:51:47.066+01:00,175
A,2023-03-12T23:51:44.642+01:00,176
D,2023-03-12T23:51:48.662+01:00,176
E,2023-03-12T23:51:51.704+01:00,176
A,2023-03-12T23:51:44.758+01:00,177
D,2023-03-12T23:51:49.783+01:00,177
E,2023-03-12T23:51:51.799+01:00,177
A,2023-03-12T23:51:45.308+01:00,178
D,2023-03-12T23:51:49.322+01:00,178
E,2023-03-12T23:51:51.358+01:00,178
A,2023-03-12T23:51:47.013+01:00,179
D,2023-03-12T23:51:48.025+01:00,179
E,2023-03-12T23:51:50.033+01:00,179
A,2023-03-12T23:51:47.114+01:00,180
B,2023-03-12T23:51:48.156+01:00,180
C,2023-03-12T23:51:48.211+01:00,180
X,2023-03-12T23:51:53.250+01:00,180
Y,2023-03-12T23:51:54.258+01:00,180
A,2023-03-12T23:51:47.789+01:00,181
B,2023-03-12T23:51:48.851+01:00,181
C,2023-03-12T23:51:48.918+01:00,181
X,2023-03-12T23:51:53.925+01:00,181
Y,2023-03-12T23:51:56.952+01:00,181
A,2023-03-12T23:51:48.641+01:00,182
B,2023-03-12T23:51:49.679+01:00,182
C,2023-03-12T23:51:49.762+01:00,182
X,2023-03-12T23:51:54.784+01:00,182
Y,2023-03-12T23:51:55.815+01:00,182
A,2023-03-12T23:51:48.899+01:00,183
B,2023-03-12T23:51:49.955+01:00,183
C,2023-03-12T23:51:50.008+01:00,183
X,2023-03-12T23:51:55.018+01:00,183
Y,2023-03-12T23:51:59.036+01:00,183
A,2023-03-12T23:51:49.513+01:00,184
D,2023-03-12T23:51:52.525+01:00,184
E,2023-03-12T23:51:56.532+01:00,184
A,2023-03-12T23:51:49.937+01:00,185
D,2023-03-12T23:51:50.955+01:00,185
E,2023-03-12T23:51:53.966+01:00,185
A,2023-03-12T23:51:50.605+01:00,186
D,2023-03-12T23:51:55.610+01:00,186
E,2023-03-12T23:51:57.615+01:00,186
A,2023-03-12T23:51:50.980+01:00,187
D,2023-03-12T23:51:52.994+01:00,187
E,2023-03-12T23:51:55.009+01:00,187
A,2023-03-12T23:51:51.024+01:00,188
C,2023-03-12T23:51:52.066+01:00,188
B,2023-03-12T23:51:52.098+01:00,188
X,2023-03-12T23:51:57.106+01:00,188
Y,2023-03-12T23:51:59.111+01:00,188
A,2023-03-12T23:51:51.495+01:00,189
B,2023-03-12T23:51:52.574+01:00,189
C,2023-03-12T23:51:52.612+01:00,189
X,2023-03-12T23:51:57.625+01:00,189
Y,2023-03-12T23:51:59.632+01:00,189
A,2023-03-12T23:51:52.236+01:00,190
D,2023-03-12T23:51:55.260+01:00,190
E,2023-03-12T23:51:56.266+01:00,190
A,2023-03-12T23:51:52.394+01:00,191
D,2023-03-12T23:51:54.430+01:00,191
E,2023-03-12T23:51:59.449+01:00,191
A,2023-03-12T23:51:52.549+01:00,192
C,2023-03-12T23:51:53.603+01:00,192
B,2023-03-12T23:51:53.658+01:00,192
X,2023-03-12T23:51:58.692+01:00,192
Y,2023-03-12T23:52:00.699+01:00,192
A,2023-03-12T23:51:53.165+01:00,193
D,2023-03-12T23:51:57.183+01:00,193
E,2023-03-12T23:51:59.196+01:00,193
A,2023-03-12T23:51:54.059+01:00,194
C,2023-03-12T23:51:55.094+01:00,194
B,2023-03-12T23:51:55.160+01:00,194
X,2023-03-12T23:52:00.168+01:00,194
Y,2023-03-12T23:52:02.180+01:00,194
A,2023-03-12T23:51:54.788+01:00,195
D,2023-03-12T23:51:58.797+01:00,195
E,2023-03-12T23:52:01.819+01:00,195
A,2023-03-12T23:51:55.249+01:00,196
D,2023-03-12T23:51:57.294+01:00,196
E,2023-03-12T23:51:59.319+01:00,196
A,2023-03-12T23:51:55.654+01:00,197
D,2023-03-12T23:51:56.660+01:00,197
E,2023-03-12T23:51:59.675+01:00,197
A,2023-03-12T23:51:55.723+01:00,198
D,2023-03-12T23:51:58.732+01:00,198
E,2023-03-12T23:52:01.746+01:00,198
A,2023-03-12T23:51:56.435+01:00,199
D,2023-03-12T23:52:01.458+01:00,199
E,2023-03-12T23:52:06.485+01:00,199
A,2023-03-12T23:51:57.263+01:00,200
B,2023-03-12T23:51:58.333+01:00,200
C,2023-03-12T23:51:58.356+01:00,200
X,2023-03-12T23:52:03.377+01:00,200
Y,2023-03-12T23:52:04.382+01:00,200
